{
  "Q10Answer": {
    "Internal Medicine": 0,
    "Driving Schools": 25,
    "Chiropractors": 0
  },
  "Q18Answer": {
    "Podiatrists": 0,
    "Nightlife": 25,
    "Doctors": 0
  },
  "Q29Answer": {
    "Mattresses": 1,
    "Nightlife": 22,
    "Appliances": 2
  },
  "Q43Answer": {
    "Restaurants": 0,
    "Airports": 21,
    "Italian": 4
  },
  "Q3Answer": {
    "Fashion": 0,
    "Education": 25,
    "Accessories": 0
  },
  "Q77Answer": {
    "Barbeque": 9,
    "Italian": 5,
    "Restaurants": 12
  },
  "Q35Answer": {
    "Automotive": 0,
    "Bars": 26,
    "Parking": 0
  },
  "Q17Answer": {
    "Karaoke": 0,
    "Pets": 25,
    "Nightlife": 0
  },
  "Q74Answer": {
    "Teeth Whitening": 0,
    "Investing": 26,
    "Piercing": 0
  },
  "Q58Answer": {
    "Legal Services": 0,
    "Real Estate Law": 0,
    "Hair Extensions": 25
  },
  "Q71Answer": {
    "Face Painting": 0,
    "Creperies": 25,
    "Party & Event Planning": 1
  },
  "Q66Answer": {
    "American (Traditional)": 0,
    "Steakhouses": 0,
    "Tax Services": 25
  },
  "Q30Answer": {
    "Vacation Rentals": 1,
    "Transportation": 0,
    "Trainers": 24
  },
  "Q1Answer": {
    "Mountain Biking": 5,
    "Convenience Stores": 20,
    "Gyms": 0
  },
  "Q21Answer": {
    "Bikes": 24,
    "Hair Stylists": 1,
    "Piercing": 0
  },
  "Q57Answer": {
    "Food": 25,
    "Fashion": 0,
    "Shopping": 0
  },
  "Q11Answer": {
    "Surgeons": 0,
    "Nightlife": 25,
    "Doctors": 0
  },
  "Q67Answer": {
    "Libraries": 25,
    "Walking Tours": 0,
    "Bus Tours": 0
  },
  "Q12Answer": {
    "Burgers": 12,
    "Restaurants": 8,
    "Italian": 5
  },
  "Q45Answer": {
    "Shaved Ice": 25,
    "Tires": 0,
    "Motorcycle Repair": 0
  },
  "Q50Answer": {
    "Transportation": 1,
    "Shopping": 24,
    "Parking": 0
  },
  "Q65Answer": {
    "Post Offices": 0,
    "Advertising": 22,
    "Police Departments": 3
  },
  "Q9Answer": {
    "Transportation": 0,
    "Airlines": 0,
    "Restaurants": 25
  },
  "Q8Answer": {
    "Accountants": 0,
    "Casinos": 25,
    "Lawyers": 0
  },
  "Q6Answer": {
    "DUI Law": 17,
    "Legal Services": 1,
    "Lawyers": 7
  },
  "Q28Answer": {
    "Pilates": 3,
    "Trainers": 10,
    "Hiking": 12
  },
  "Q73Answer": {
    "Meat Shops": 0,
    "Specialty Food": 0,
    "Test Preparation": 26
  },
  "Q64Answer": {
    "Casinos": 25,
    "Pets": 0,
    "Veterinarians": 0
  },
  "Q26Answer": {
    "Organic Stores": 0,
    "International Grocery": 1,
    "Luggage": 24
  },
  "Q51Answer": {
    "Cards & Stationery": 25,
    "Tours": 0,
    "Limos": 0
  },
  "Q62Answer": {
    "Comedy Clubs": 23,
    "Ramen": 2,
    "Middle Eastern": 0
  },
  "Q75Answer": {
    "Bars": 26,
    "Dermatologists": 0,
    "Doctors": 0
  },
  "Q23Answer": {
    "Pilates": 0,
    "Yoga": 1,
    "Hiking": 24
  },
  "Q14Answer": {
    "Tanning": 0,
    "Massage": 0,
    "Pets": 25
  },
  "Q40Answer": {
    "Pilates": 0,
    "Gyms": 1,
    "Hiking": 25
  },
  "Q49Answer": {
    "Makeup Artists": 0,
    "Local Flavor": 25,
    "Hair Stylists": 0
  },
  "Q53Answer": {
    "Photographers": 4,
    "Tutoring Centers": 16,
    "Party Bus Rentals": 5
  },
  "Q47Answer": {
    "American (Traditional)": 0,
    "Barre Classes": 25,
    "Southern": 0
  },
  "Q80Answer": {
    "Marketing": 26,
    "Airport Shuttles": 0,
    "Limos": 0
  },
  "Q56Answer": {
    "Dermatologists": 0,
    "Nightlife": 25,
    "Doctors": 0
  },
  "Q36Answer": {
    "Veterinarians": 0,
    "Limos": 25,
    "Pets": 1
  },
  "Q24Answer": {
    "Tattoo": 3,
    "Makeup Artists": 0,
    "Wedding Chapels": 22
  },
  "Q72Answer": {
    "Churches": 26,
    "Car Rental": 0,
    "Hotels & Travel": 0
  },
  "Q2Answer": {
    "Churches": 25,
    "RV Rental": 0,
    "Vacation Rentals": 0
  },
  "Q20Answer": {
    "Education": 25,
    "Dentists": 0,
    "Orthodontists": 0
  },
  "Q60Answer": {
    "Hostels": 0,
    "Limos": 25,
    "Hotels": 0
  },
  "Q13Answer": {
    "Tires": 0,
    "Automotive": 0,
    "Buffets": 25
  },
  "Q70Answer": {
    "Accountants": 0,
    "Lawyers": 0,
    "Buffets": 25
  },
  "Q79Answer": {
    "Landmarks & Historical Buildings": 23,
    "Airports": 0,
    "Transportation": 3
  },
  "Q31Answer": {
    "Police Departments": 0,
    "Air Duct Cleaning": 26,
    "Departments of Motor Vehicles": 0
  },
  "Q69Answer": {
    "Ice Cream & Frozen Yogurt": 0,
    "Food": 0,
    "Real Estate": 25
  },
  "Q46Answer": {
    "Indian": 0,
    "Auto Detailing": 25,
    "Szechuan": 0
  },
  "Q7Answer": {
    "Food": 25,
    "Transportation": 0,
    "Airlines": 0
  },
  "Q16Answer": {
    "Education": 0,
    "Preschools": 0,
    "Nightlife": 25
  },
  "Q59Answer": {
    "Bars": 0,
    "Pets": 25,
    "Lounges": 0
  },
  "Q37Answer": {
    "Arcades": 2,
    "Arts & Entertainment": 0,
    "Test Preparation": 24
  },
  "Q78Answer": {
    "Martial Arts": 3,
    "Aquariums": 22,
    "Dance Clubs": 1
  },
  "Q44Answer": {
    "Fertility": 0,
    "Nightlife": 25,
    "Doctors": 0
  },
  "Q34Answer": {
    "Education": 0,
    "Casinos": 26,
    "Preschools": 0
  },
  "Q55Answer": {
    "Preschools": 25,
    "Dentists": 0,
    "Orthodontists": 0
  },
  "Q41Answer": {
    "American (Traditional)": 0,
    "Nightlife": 25,
    "American (New)": 0
  },
  "Q25Answer": {
    "Coffeeshops": 0,
    "Nightlife": 2,
    "Pets": 23
  },
  "Q61Answer": {
    "Notaries": 10,
    "Laundromat": 1,
    "Buffets": 14
  },
  "Q15Answer": {
    "Leather Goods": 22,
    "Barre Classes": 2,
    "Sports Clubs": 1
  },
  "Q76Answer": {
    "Gelato": 22,
    "Vegan": 4,
    "Salad": 0
  },
  "Q19Answer": {
    "Adult Entertainment": 0,
    "Dance Clubs": 0,
    "Churches": 25
  },
  "Q54Answer": {
    "Plumbing": 0,
    "Electricians": 0,
    "Pets": 25
  },
  "Q63Answer": {
    "Pubs": 0,
    "Bars": 0,
    "Pets": 25
  },
  "Q4Answer": {
    "Golf": 0,
    "Lakes": 19,
    "Trainers": 6
  },
  "Q22Answer": {
    "Ticket Sales": 23,
    "Swimming Lessons/Schools": 1,
    "Trainers": 1
  },
  "Q33Answer": {
    "Bars": 0,
    "Nightlife": 0,
    "Pets": 26
  },
  "Q39Answer": {
    "Airports": 0,
    "Public Transportation": 0,
    "Watch Repair": 26
  },
  "Q32Answer": {
    "Public Services & Government": 26,
    "Bars": 0,
    "Dance Clubs": 0
  },
  "Q68Answer": {
    "Automotive": 1,
    "Buffets": 24,
    "Parking": 0
  },
  "Q38Answer": {
    "Auto Customization": 0,
    "Religious Organizations": 26,
    "RV Repair": 0
  },
  "Q48Answer": {
    "Burgers": 0,
    "Cafes": 0,
    "Sewing & Alterations": 25
  },
  "Q27Answer": {
    "Nail Salons": 19,
    "Restaurants": 0,
    "Barbeque": 6
  },
  "Q5Answer": {
    "Golf": 25,
    "Pilates": 0,
    "Yoga": 0
  },
  "Q52Answer": {
    "Security Services": 0,
    "French": 25,
    "Bankruptcy Law": 0
  },
  "Q42Answer": {
    "Gay Bars": 0,
    "Bars": 0,
    "Magicians": 25
  }
}